id,voters_id,password,firstname,lastname,email
1,2021011,PedroSánchez20,Pedro,Sánchez,pedro.sanchez@alumno.uaemex.mx.com
2,2021012,LucíaGómez20,Lucía,Gómez,lucia.gomez@alumno.uaemex.mx.com
3,2021013,AndrésMartín20,Andrés,Martín,andres.martin@alumno.uaemex.mx.com
4,2021014,CarlaHernández20,Carla,Hernández,carla.hernandez@alumno.uaemex.mx.com
5,2021015,JuanPérez20,Juan,Pérez,juan.perez@alumno.uaemex.mx.com
6,2021016,AnaRamírez20,Ana,Ramírez,ana.ramirez@alumno.uaemex.mx.com
7,2021017,CarlosDíaz20,Carlos,Díaz,carlos.diaz@alumno.uaemex.mx.com
8,2021018,LauraGarcía20,Laura,García,laura.garcia@alumno.uaemex.mx.com
9,2021019,JoséFernández20,José,Fernández,jose.fernandez@alumno.uaemex.mx.com
10,2021020,MartaLópez20,Marta,López,marta.lopez@alumno.uaemex.mx.com
11,2021021,FernandoGonzález20,Fernando,González,fernando.gonzalez@alumno.uaemex.mx.com
12,2021022,IsabelPérez20,Isabel,Pérez,isabel.perez@alumno.uaemex.mx.com
13,2021023,AntonioRuiz20,Antonio,Ruiz,antonio.ruiz@alumno.uaemex.mx.com
14,2021024,TeresaMartínez20,Teresa,Martínez,teresa.martinez@alumno.uaemex.mx.com
15,2021025,FelipeGonzález20,Felipe,González,felipe.gonzalez@alumno.uaemex.mx.com
16,2021026,SandraTorres20,Sandra,Torres,sandra.torres@alumno.uaemex.mx.com
17,2021027,PedroLópez20,Pedro,López,pedro.lopez@alumno.uaemex.mx.com
18,2021028,MaríaHernández20,María,Hernández,maria.hernandez@alumno.uaemex.mx.com
19,2021029,LuisPérez20,Luis,Pérez,luis.perez@alumno.uaemex.mx.com
20,2021030,RaquelGómez20,Raquel,Gómez,raquel.gomez@alumno.uaemex.mx.com
21,2021031,AlbertoMéndez20,Alberto,Méndez,alberto.mendez@alumno.uaemex.mx.com
22,2021032,BeatrizGonzález20,Beatriz,González,beatriz.gonzalez@alumno.uaemex.mx.com
23,2021033,OscarMartínez20,Oscar,Martínez,oscar.martinez@alumno.uaemex.mx.com
24,2021034,ClaraRamírez20,Clara,Ramírez,clara.ramirez@alumno.uaemex.mx.com
25,2021035,VictorHernández20,Victor,Hernández,victor.hernandez@alumno.uaemex.mx.com
26,2021036,SusanaTorres20,Susana,Torres,susana.torres@alumno.uaemex.mx.com
27,2021037,AndrésHernández20,Andrés,Hernández,andres.hernandez@alumno.uaemex.mx.com
28,2021038,PatriciaLópez20,Patricia,López,patricia.lopez@alumno.uaemex.mx.com
29,2021039,DanielMartínez20,Daniel,Martínez,daniel.martinez@alumno.uaemex.mx.com
30,2021040,JulietaPérez20,Julieta,Pérez,julieta.perez@alumno.uaemex.mx.com
31,2021041,JoséLópez20,José,López,jose.lopez@alumno.uaemex.mx.com
32,2021042,AntonioGonzález20,Antonio,González,antonio.gonzalez@alumno.uaemex.mx.com
33,2021043,VerónicaTorres20,Verónica,Torres,veronica.torres@alumno.uaemex.mx.com
34,2021044,ElenaMartínez20,Elena,Martínez,elena.martinez@alumno.uaemex.mx.com
35,2021045,RaúlRamírez20,Raúl,Ramírez,raul.ramirez@alumno.uaemex.mx.com
36,2021046,JoséLuisGómez20,JoséLuis,Gómez,joseluis.gomez@alumno.uaemex.mx.com
37,2021047,MónicaHernández20,Mónica,Hernández,monica.hernandez@alumno.uaemex.mx.com
38,2021048,JuanCarlosMartínez20,JuanCarlos,Martínez,juancarlos.martinez@alumno.uaemex.mx.com
39,2021049,FernandoHernández20,Fernando,Hernández,fernando.hernandez@alumno.uaemex.mx.com
40,2021050,PatriciaRamírez20,Patricia,Ramírez,patricia.ramirez@alumno.uaemex.mx.com
41,2021051,ManuelLópez20,Manuel,López,manuel.lopez@alumno.uaemex.mx.com
42,2021052,JoséAntonioMartínez20,JoséAntonio,Martínez,joseantonio.martinez@alumno.uaemex.mx.com
43,2021053,SilviaTorres20,Silvia,Torres,silvia.torres@alumno.uaemex.mx.com
44,2021054,ÁngelPérez20,Ángel,Pérez,angel.perez@alumno.uaemex.mx.com
45,2021055,BeatrizLópez20,Beatriz,López,beatriz.lopez@alumno.uaemex.mx.com
46,2021056,DavidGonzález20,David,González,david.gonzalez@alumno.uaemex.mx.com
47,2021057,CarmenMartínez20,Carmen,Martínez,carmen.martinez@alumno.uaemex.mx.com
48,2021058,LuisRamírez20,Luis,Ramírez,luis.ramirez@alumno.uaemex.mx.com
49,2021059,PatriciaGómez20,Patricia,Gómez,patricia.gomez@alumno.uaemex.mx.com
50,2021060,RaquelLópez20,Raquel,López,raquel.lopez@alumno.uaemex.mx.com
51,2021061,JuanRamírez20,Juan,Ramírez,juan.ramirez@alumno.uaemex.mx.com
52,2021062,JoséMartínez20,José,Martínez,jose.martinez@alumno.uaemex.mx.com
53,2021063,MonicaLópez20,Monica,López,monica.lopez@alumno.uaemex.mx.com
54,2021064,JulioHernández20,Julio,Hernández,julio.hernandez@alumno.uaemex.mx.com
55,2021065,PatriciaRamírez20,Patricia,Ramírez,patricia.ramirez@alumno.uaemex.mx.com
56,2021066,MaríaGonzález20,María,González,maria.gonzalez@alumno.uaemex.mx.com
57,2021067,AntonioPérez20,Antonio,Pérez,antonio.perez@alumno.uaemex.mx.com
58,2021068,RaquelMartínez20,Raquel,Martínez,raquel.martinez@alumno.uaemex.mx.com
59,2021069,CarlosRamírez20,Carlos,Ramírez,carlos.ramirez@alumno.uaemex.mx.com
60,2021070,LucíaMartínez20,Lucía,Martínez,lucia.martinez@alumno.uaemex.mx.com
